item,hat,up
item0_source1,2.203890085220337,2.211941957473755
item0_source2,1.948211669921875,1.8680150508880615
MEAN,2.076050877571106,2.039978504180908
